{
  "E_full_pipeline": {
    "tr": 0.7675,
    "de": 0.7435,
    "ar": 0.4563
  },
  "A_baseline_frozen": {
    "tr": 0.5433703913070786,
    "de": 0.5382816346627277,
    "ar": 0.22054954204829308
  },
  "B_full_finetune_only": {
    "tr": 0.7583617028743902,
    "de": 0.753060048147018,
    "ar": 0.49497435041915167
  },
  "C_plus_contrastive": {
    "tr": 0.7359654319266823,
    "de": 0.7446533169867865,
    "ar": 0.44665913492575854
  },
  "D_plus_code_switch": {
    "tr": 0.7401066516980073,
    "de": 0.7428473881870945,
    "ar": 0.4663289262325466
  }
}