{
  "tr": {
    "confusion_matrix": [
      [
        43290,
        347,
        1944,
        885
      ],
      [
        155,
        9414,
        533,
        111
      ],
      [
        292,
        261,
        9985,
        595
      ],
      [
        258,
        124,
        881,
        6656
      ]
    ],
    "labels": [
      "O",
      "PER",
      "ORG",
      "LOC"
    ],
    "per_class_recall": {
      "O": 0.9316489476176129,
      "PER": 0.9217663761872124,
      "ORG": 0.8968831402137789,
      "LOC": 0.8405101654249274
    }
  },
  "de": {
    "confusion_matrix": [
      [
        65420,
        146,
        2217,
        871
      ],
      [
        243,
        10563,
        575,
        161
      ],
      [
        447,
        271,
        8632,
        850
      ],
      [
        232,
        182,
        824,
        6012
      ]
    ],
    "labels": [
      "O",
      "PER",
      "ORG",
      "LOC"
    ],
    "per_class_recall": {
      "O": 0.9528942232062225,
      "PER": 0.9151793450008664,
      "ORG": 0.8462745098039216,
      "LOC": 0.8292413793103448
    }
  },
  "ar": {
    "confusion_matrix": [
      [
        19982,
        437,
        4256,
        1358
      ],
      [
        178,
        8084,
        3063,
        462
      ],
      [
        255,
        254,
        12333,
        832
      ],
      [
        255,
        160,
        4855,
        7583
      ]
    ],
    "labels": [
      "O",
      "PER",
      "ORG",
      "LOC"
    ],
    "per_class_recall": {
      "O": 0.7675642453808628,
      "PER": 0.6858403325697803,
      "ORG": 0.901930671347082,
      "LOC": 0.5899789932311522
    }
  }
}