{
  "ko": 0.5086178212550743,
  "fi": 0.7577869529314616,
  "sw": 0.6747769667477695,
  "id": 0.4966632124352332,
  "ru": 0.6101979970950233
}