{
  "per_seed": {
    "42": {
      "tr": 0.7408557017389157,
      "de": 0.7500680457267284,
      "ar": 0.4900922583233053
    },
    "43": {
      "tr": 0.7601097123567059,
      "de": 0.7599150626755257,
      "ar": 0.5143491489186744
    },
    "44": {
      "tr": 0.7673974540311174,
      "de": 0.7533601457495446,
      "ar": 0.44409231269299526
    }
  },
  "summary": {
    "tr": {
      "mean": 0.7561209560422464,
      "std": 0.011196689581814025,
      "values": [
        0.7408557017389157,
        0.7601097123567059,
        0.7673974540311174
      ]
    },
    "de": {
      "mean": 0.7544477513839328,
      "std": 0.00409292887872407,
      "values": [
        0.7500680457267284,
        0.7599150626755257,
        0.7533601457495446
      ]
    },
    "ar": {
      "mean": 0.48284457331165825,
      "std": 0.029136488722694042,
      "values": [
        0.4900922583233053,
        0.5143491489186744,
        0.44409231269299526
      ]
    },
    "avg": {
      "mean": 0.6644710935792792,
      "std": 0.009901987688939988,
      "values": [
        0.6603386685963164,
        0.6781246413169687,
        0.6549499708245524
      ]
    }
  }
}