{
  "per_language_per_class_f1": {
    "tr": {
      "PER": 0.887515178275748,
      "ORG": 0.6542096686583379,
      "LOC": 0.7631578947368421,
      "micro_avg": 0.7675289793610404
    },
    "de": {
      "PER": 0.8708195320012823,
      "ORG": 0.610548523206751,
      "LOC": 0.7501433760275281,
      "micro_avg": 0.7435241118050577
    },
    "ar": {
      "PER": 0.6576669112252385,
      "ORG": 0.38302841572596347,
      "LOC": 0.3717177242888403,
      "micro_avg": 0.45633733557349504
    },
    "ko": {
      "PER": 0.5445111960677226,
      "ORG": 0.40289965661961086,
      "LOC": 0.57765801077903,
      "micro_avg": 0.5086178212550743
    },
    "fi": {
      "PER": 0.8840248962655601,
      "ORG": 0.621105748135147,
      "LOC": 0.7603090546054346,
      "micro_avg": 0.7577869529314616
    },
    "sw": {
      "PER": 0.9050925925925926,
      "ORG": 0.43653250773993807,
      "LOC": 0.6276150627615064,
      "micro_avg": 0.6747769667477695
    },
    "id": {
      "PER": 0.6579333986287953,
      "ORG": 0.4274584122973258,
      "LOC": 0.3944883108840378,
      "micro_avg": 0.4966632124352332
    },
    "ru": {
      "PER": 0.6143702451394759,
      "ORG": 0.623648571753727,
      "LOC": 0.5977312390924957,
      "micro_avg": 0.6101979970950233
    }
  },
  "pearson_r_by_entity_type": {
    "PER": {
      "script_latin_binary": 0.8244,
      "fragmentation": -0.5167,
      "corpus_size_gib": -0.5152,
      "phon_distance": -0.4028
    },
    "ORG": {
      "script_latin_binary": 0.3556,
      "fragmentation": 0.0361,
      "corpus_size_gib": 0.2584,
      "phon_distance": -0.275
    },
    "LOC": {
      "script_latin_binary": 0.476,
      "fragmentation": 0.1386,
      "corpus_size_gib": -0.2022,
      "phon_distance": -0.2237
    },
    "micro_avg": {
      "script_latin_binary": 0.6636,
      "fragmentation": -0.1501,
      "corpus_size_gib": -0.2138,
      "phon_distance": -0.3867
    }
  }
}