{
  "F_projection_routed": {
    "tr": 0.7382351930150219,
    "de": 0.7464195450716092,
    "ar": 0.4383814102564103
  },
  "C_baseline_for_comparison": {
    "tr": 0.736,
    "de": 0.7447,
    "ar": 0.4467
  }
}