{
  "translate_train": {
    "tr": 0.7344105997406147,
    "de": 0.7217995149018175,
    "ar": 0.4390043875835486
  },
  "zero_shot_baseline": {
    "tr": 0.7675,
    "de": 0.7435,
    "ar": 0.4563
  }
}